{
    "global": {
        "formulations": [
            {
                "name": "bmi_multi",
                "params": {
                    "name": "bmi_multi",
                    "model_type_name": "noah_cfes",
                    "main_output_variable": "Q_OUT",
                    "init_config": "",
                    "allow_exceed_end_time": false,
                    "fixed_time_step": false,
                    "uses_forcing_file": false,
                    "output_variables": [
                        "SNEQV"
                    ],
                    "output_header_fields": [
                        "SWE_mm"
                    ],
                    "modules": [
                        {
                            "name": "bmi_c++",
                            "params": {
                                "name": "bmi_c++",
                                "model_type_name": "SLOTH",
                                "main_output_variable": "z",
                                "init_config": "/dev/null",
                                "allow_exceed_end_time": true,
                                "fixed_time_step": false,
                                "uses_forcing_file": false,
                                "model_params": {
                                    "sloth_ice_fraction_schaake(1,double,m,node)": "0.0",
                                    "sloth_ice_fraction_xinanjiang(1,double,1,node)": "0.0",
                                    "sloth_smp(1,double,1,node)": "0.0"
                                },
                                "library_file": "/ngen-app/ngen/extern/sloth/cmake_build/libslothmodel.so.1.0.0",
                                "registration_function": "none"
                            }
                        },
                        {
                            "name": "bmi_fortran",
                            "params": {
                                "name": "bmi_fortran",
                                "model_type_name": "NoahOWP",
                                "main_output_variable": "QINSUR",
                                "init_config": "/ngencerf/data/ngen-cal-work/run_calib/95_norm/kge_dds/NormNewTest/01123000/Input/noah-owp-modular_input/{{id}}_calib.input",
                                "allow_exceed_end_time": true,
                                "fixed_time_step": false,
                                "uses_forcing_file": false,
                                "variables_names_map": {
                                    "PRCPNONC": "atmosphere_water__liquid_equivalent_precipitation_rate",
                                    "Q2": "atmosphere_air_water~vapor__relative_saturation",
                                    "SFCTMP": "land_surface_air__temperature",
                                    "UU": "land_surface_wind__x_component_of_velocity",
                                    "VV": "land_surface_wind__y_component_of_velocity",
                                    "LWDN": "land_surface_radiation~incoming~longwave__energy_flux",
                                    "SOLDN": "land_surface_radiation~incoming~shortwave__energy_flux",
                                    "SFCPRS": "land_surface_air__pressure"
                                },
                                "model_params": {
                                    "MFSNO": 2.365526819059493
                                },
                                "library_file": "/ngen-app/ngen/extern/noah-owp-modular/cmake_build/libsurfacebmi.so"
                            }
                        },
                        {
                            "name": "bmi_c",
                            "params": {
                                "name": "bmi_c",
                                "model_type_name": "CFE",
                                "main_output_variable": "Q_OUT",
                                "init_config": "/ngencerf/data/ngen-cal-work/run_calib/95_norm/bmi_config/cfe-s/{{id}}_bmi_config_cfe.txt",
                                "allow_exceed_end_time": true,
                                "fixed_time_step": false,
                                "uses_forcing_file": false,
                                "variables_names_map": {
                                    "atmosphere_water__liquid_equivalent_precipitation_rate": "QINSUR",
                                    "ice_fraction_schaake": "sloth_ice_fraction_schaake",
                                    "ice_fraction_xinanjiang": "sloth_ice_fraction_xinanjiang",
                                    "soil_moisture_profile": "sloth_smp",
                                    "water_potential_evaporation_flux": "EVAPOTRANS"
                                },
                                "library_file": "/ngen-app/ngen/extern/cfe/cmake_build/libcfebmi.so.1.0.0",
                                "registration_function": "register_bmi_cfe"
                            }
                        }
                    ]
                }
            }
        ],
        "forcing": {
            "file_pattern": ".*{{id}}.*.csv",
            "path": "/ngencerf/data/ngen-cal-work/run_calib/95_norm/kge_dds/NormNewTest/01123000/Input/forcing",
            "provider": "CsvPerFeature"
        }
    },
    "time": {
        "start_time": "2013-01-01 00:00:00",
        "end_time": "2015-04-30 23:00:00",
        "output_interval": 3600
    },
    "routing": {
        "t_route_config_file_with_path": "/ngencerf/data/ngen-cal-work/run_calib/95_norm/kge_dds/NormNewTest/01123000/Input/01123000_troute_config_calib.yaml",
        "t_route_connection_path": ""
    },
    "catchments": {}
}